"ID","TIME","AMT","ADDL","II","DV","MDV","CMT","DOSE","IVPO","SEX","GROUP","DAY","TAD","FOOD","STUDY","ORIID"
1,0,3,,,".",1,2,3,1,1,1,1,0,2,1,"M1"
1,0,,,,"0",0,2,3,1,1,1,1,0,2,1,"M1"
1,0.083,,,,"5381.64",0,2,3,1,1,1,1,0.083,2,1,"M1"
1,0.25,,,,"1664.38",0,2,3,1,1,1,1,0.25,2,1,"M1"
1,0.5,,,,"426.48",0,2,3,1,1,1,1,0.5,2,1,"M1"
1,1,,,,"68.07",0,2,3,1,1,1,1,1,2,1,"M1"
1,2,,,,"4.8",0,2,3,1,1,1,1,2,2,1,"M1"
1,4,,,,"0.76",0,2,3,1,1,1,1,4,2,1,"M1"
1,8,,,,"0.55",0,2,3,1,1,1,1,8,2,1,"M1"
1,24,,,,"0.34",0,2,3,1,1,1,1,24,2,1,"M1"
2,0,3,,,".",1,2,3,1,1,1,1,0,2,1,"M2"
2,0,,,,"0",0,2,3,1,1,1,1,0,2,1,"M2"
2,0.083,,,,"6287.27",0,2,3,1,1,1,1,0.083,2,1,"M2"
2,0.25,,,,"2000.81",0,2,3,1,1,1,1,0.25,2,1,"M2"
2,0.5,,,,"658.25",0,2,3,1,1,1,1,0.5,2,1,"M2"
2,1,,,,"105.66",0,2,3,1,1,1,1,1,2,1,"M2"
2,2,,,,"12.31",0,2,3,1,1,1,1,2,2,1,"M2"
2,4,,,,"2.34",0,2,3,1,1,1,1,4,2,1,"M2"
2,8,,,,"1.34",0,2,3,1,1,1,1,8,2,1,"M2"
2,24,,,,"1.64",0,2,3,1,1,1,1,24,2,1,"M2"
3,0,3,,,".",1,2,3,1,1,1,1,0,2,1,"M3"
3,0,,,,"0",0,2,3,1,1,1,1,0,2,1,"M3"
3,0.083,,,,"5982.49",0,2,3,1,1,1,1,0.083,2,1,"M3"
3,0.25,,,,"2419.81",0,2,3,1,1,1,1,0.25,2,1,"M3"
3,0.5,,,,"773.18",0,2,3,1,1,1,1,0.5,2,1,"M3"
3,1,,,,"191.25",0,2,3,1,1,1,1,1,2,1,"M3"
3,2,,,,"16.3",0,2,3,1,1,1,1,2,2,1,"M3"
3,4,,,,"5.97",0,2,3,1,1,1,1,4,2,1,"M3"
3,8,,,,"1.09",0,2,3,1,1,1,1,8,2,1,"M3"
3,24,,,,".",1,2,3,1,1,1,1,24,2,1,"M3"
4,0,3,,,".",1,1,3,2,1,2,1,0,1,1,"M4"
4,0,,,,"0",0,2,3,2,1,2,1,0,1,1,"M4"
4,0.5,,,,"533.13",0,2,3,2,1,2,1,0.5,1,1,"M4"
4,1,,,,"102.88",0,2,3,2,1,2,1,1,1,1,"M4"
4,2,,,,"13.9",0,2,3,2,1,2,1,2,1,1,"M4"
4,4,,,,"8.64",0,2,3,2,1,2,1,4,1,1,"M4"
4,8,,,,"6.21",0,2,3,2,1,2,1,8,1,1,"M4"
4,12,,,,"0.39",0,2,3,2,1,2,1,12,1,1,"M4"
4,24,,,,".",1,2,3,2,1,2,1,24,1,1,"M4"
5,0,3,,,".",1,1,3,2,1,2,1,0,1,1,"M5"
5,0,,,,"0",0,2,3,2,1,2,1,0,1,1,"M5"
5,0.5,,,,"1284.02",0,2,3,2,1,2,1,0.5,1,1,"M5"
5,1,,,,"335.73",0,2,3,2,1,2,1,1,1,1,"M5"
5,2,,,,"32.52",0,2,3,2,1,2,1,2,1,1,"M5"
5,4,,,,"64.23",0,2,3,2,1,2,1,4,1,1,"M5"
5,8,,,,"12.5",0,2,3,2,1,2,1,8,1,1,"M5"
5,12,,,,"3.59",0,2,3,2,1,2,1,12,1,1,"M5"
5,24,,,,"0.2",0,2,3,2,1,2,1,24,1,1,"M5"
6,0,3,,,".",1,1,3,2,1,2,1,0,1,1,"M6"
6,0,,,,"0",0,2,3,2,1,2,1,0,1,1,"M6"
6,0.5,,,,"843.8",0,2,3,2,1,2,1,0.5,1,1,"M6"
6,1,,,,"367.88",0,2,3,2,1,2,1,1,1,1,"M6"
6,2,,,,"42.43",0,2,3,2,1,2,1,2,1,1,"M6"
6,4,,,,"16.17",0,2,3,2,1,2,1,4,1,1,"M6"
6,8,,,,"4.9",0,2,3,2,1,2,1,8,1,1,"M6"
6,12,,,,"1.32",0,2,3,2,1,2,1,12,1,1,"M6"
6,24,,,,".",1,2,3,2,1,2,1,24,1,1,"M6"
7,0,10,,,".",1,1,10,2,0,3,1,0,1,1,"F7"
7,0,,,,"0",0,2,10,2,0,3,1,0,1,1,"F7"
7,0.5,,,,"5073.5",0,2,10,2,0,3,1,0.5,1,1,"F7"
7,1,,,,"1338.01",0,2,10,2,0,3,1,1,1,1,"F7"
7,2,,,,"100",0,2,10,2,0,3,1,2,1,1,"F7"
7,4,,,,"45.53",0,2,10,2,0,3,1,4,1,1,"F7"
7,8,,,,"4.66",0,2,10,2,0,3,1,8,1,1,"F7"
7,12,,,,"0.77",0,2,10,2,0,3,1,12,1,1,"F7"
7,24,,,,".",1,2,10,2,0,3,1,24,1,1,"F7"
8,0,10,,,".",1,1,10,2,0,3,1,0,1,1,"F8"
8,0,,,,"0",0,2,10,2,0,3,1,0,1,1,"F8"
8,0.5,,,,"4341.02",0,2,10,2,0,3,1,0.5,1,1,"F8"
8,1,,,,"867.43",0,2,10,2,0,3,1,1,1,1,"F8"
8,2,,,,"91.59",0,2,10,2,0,3,1,2,1,1,"F8"
8,4,,,,"16.36",0,2,10,2,0,3,1,4,1,1,"F8"
8,8,,,,"15.07",0,2,10,2,0,3,1,8,1,1,"F8"
8,12,,,,"2.85",0,2,10,2,0,3,1,12,1,1,"F8"
8,24,,,,"0.28",0,2,10,2,0,3,1,24,1,1,"F8"
9,0,10,,,".",1,1,10,2,0,3,1,0,1,1,"F9"
9,0,,,,"0",0,2,10,2,0,3,1,0,1,1,"F9"
9,0.5,,,,"5120.09",0,2,10,2,0,3,1,0.5,1,1,"F9"
9,1,,,,"789.1",0,2,10,2,0,3,1,1,1,1,"F9"
9,2,,,,"55.7",0,2,10,2,0,3,1,2,1,1,"F9"
9,4,,,,"26.8",0,2,10,2,0,3,1,4,1,1,"F9"
9,8,,,,"9.66",0,2,10,2,0,3,1,8,1,1,"F9"
9,12,,,,"1.91",0,2,10,2,0,3,1,12,1,1,"F9"
9,24,,,,"0.49",0,2,10,2,0,3,1,24,1,1,"F9"
10,0,10,,,".",1,1,10,2,1,4,1,0,1,1,"M10"
10,0,,,,"0",0,2,10,2,1,4,1,0,1,1,"M10"
10,0.5,,,,"6529.46",0,2,10,2,1,4,1,0.5,1,1,"M10"
10,1,,,,"1218.25",0,2,10,2,1,4,1,1,1,1,"M10"
10,2,,,,"130.39",0,2,10,2,1,4,1,2,1,1,"M10"
10,4,,,,"71.28",0,2,10,2,1,4,1,4,1,1,"M10"
10,8,,,,"33.43",0,2,10,2,1,4,1,8,1,1,"M10"
10,12,,,,"7.1",0,2,10,2,1,4,1,12,1,1,"M10"
10,24,,,,"0.29",0,2,10,2,1,4,1,24,1,1,"M10"
11,0,10,,,".",1,1,10,2,1,4,1,0,1,1,"M11"
11,0,,,,"0",0,2,10,2,1,4,1,0,1,1,"M11"
11,0.5,,,,"2954.1",0,2,10,2,1,4,1,0.5,1,1,"M11"
11,1,,,,"840.93",0,2,10,2,1,4,1,1,1,1,"M11"
11,2,,,,"85.58",0,2,10,2,1,4,1,2,1,1,"M11"
11,4,,,,"62.37",0,2,10,2,1,4,1,4,1,1,"M11"
11,8,,,,"4.73",0,2,10,2,1,4,1,8,1,1,"M11"
11,12,,,,"0.74",0,2,10,2,1,4,1,12,1,1,"M11"
11,24,,,,"0.23",0,2,10,2,1,4,1,24,1,1,"M11"
12,0,10,,,".",1,1,10,2,1,4,1,0,1,1,"M12"
12,0,,,,"0",0,2,10,2,1,4,1,0,1,1,"M12"
12,0.5,,,,"7948.81",0,2,10,2,1,4,1,0.5,1,1,"M12"
12,1,,,,"2308.31",0,2,10,2,1,4,1,1,1,1,"M12"
12,2,,,,"216.66",0,2,10,2,1,4,1,2,1,1,"M12"
12,4,,,,"90.78",0,2,10,2,1,4,1,4,1,1,"M12"
12,8,,,,"142.41",0,2,10,2,1,4,1,8,1,1,"M12"
12,12,,,,"23.81",0,2,10,2,1,4,1,12,1,1,"M12"
12,24,,,,"3.7",0,2,10,2,1,4,1,24,1,1,"M12"
13,0,30,,,".",1,1,30,2,1,5,1,0,1,1,"M13"
13,0,,,,"0",0,2,30,2,1,5,1,0,1,1,"M13"
13,0.5,,,,"17321.3",0,2,30,2,1,5,1,0.5,1,1,"M13"
13,1,,,,"9681.07",0,2,30,2,1,5,1,1,1,1,"M13"
13,2,,,,"2160.3",0,2,30,2,1,5,1,2,1,1,"M13"
13,4,,,,"682.4",0,2,30,2,1,5,1,4,1,1,"M13"
13,8,,,,"157.75",0,2,30,2,1,5,1,8,1,1,"M13"
13,12,,,,"21.77",0,2,30,2,1,5,1,12,1,1,"M13"
13,24,,,,"0.19",0,2,30,2,1,5,1,24,1,1,"M13"
14,0,30,,,".",1,1,30,2,1,5,1,0,1,1,"M14"
14,0,,,,"0",0,2,30,2,1,5,1,0,1,1,"M14"
14,0.5,,,,"4532.77",0,2,30,2,1,5,1,0.5,1,1,"M14"
14,1,,,,"1088.97",0,2,30,2,1,5,1,1,1,1,"M14"
14,2,,,,"117.37",0,2,30,2,1,5,1,2,1,1,"M14"
14,4,,,,"40.11",0,2,30,2,1,5,1,4,1,1,"M14"
14,8,,,,"11.77",0,2,30,2,1,5,1,8,1,1,"M14"
14,12,,,,"7.01",0,2,30,2,1,5,1,12,1,1,"M14"
14,24,,,,"2.55",0,2,30,2,1,5,1,24,1,1,"M14"
15,0,30,,,".",1,1,30,2,1,5,1,0,1,1,"M15"
15,0,,,,"0",0,2,30,2,1,5,1,0,1,1,"M15"
15,0.5,,,,"22647.18",0,2,30,2,1,5,1,0.5,1,1,"M15"
15,1,,,,"21831.64",0,2,30,2,1,5,1,1,1,1,"M15"
15,2,,,,"12894.72",0,2,30,2,1,5,1,2,1,1,"M15"
15,4,,,,"2839.87",0,2,30,2,1,5,1,4,1,1,"M15"
15,8,,,,"1053.08",0,2,30,2,1,5,1,8,1,1,"M15"
15,12,,,,"229.09",0,2,30,2,1,5,1,12,1,1,"M15"
15,24,,,,"78.05",0,2,30,2,1,5,1,24,1,1,"M15"
16,0,10,,,".",1,1,10,2,1,6,1,0,2,1,"M16"
16,0,,,,"0",0,2,10,2,1,6,1,0,2,1,"M16"
16,0.5,,,,"7711.94",0,2,10,2,1,6,1,0.5,2,1,"M16"
16,1,,,,"2733.95",0,2,10,2,1,6,1,1,2,1,"M16"
16,2,,,,"452.28",0,2,10,2,1,6,1,2,2,1,"M16"
16,4,,,,"92.47",0,2,10,2,1,6,1,4,2,1,"M16"
16,8,,,,"32.15",0,2,10,2,1,6,1,8,2,1,"M16"
16,12,,,,"15.01",0,2,10,2,1,6,1,12,2,1,"M16"
16,24,,,,"0.42",0,2,10,2,1,6,1,24,2,1,"M16"
17,0,10,,,".",1,1,10,2,1,6,1,0,2,1,"M17"
17,0,,,,"0",0,2,10,2,1,6,1,0,2,1,"M17"
17,0.5,,,,"5740.95",0,2,10,2,1,6,1,0.5,2,1,"M17"
17,1,,,,"802.02",0,2,10,2,1,6,1,1,2,1,"M17"
17,2,,,,"75.68",0,2,10,2,1,6,1,2,2,1,"M17"
17,4,,,,"58.79",0,2,10,2,1,6,1,4,2,1,"M17"
17,8,,,,"24.03",0,2,10,2,1,6,1,8,2,1,"M17"
17,12,,,,"5.05",0,2,10,2,1,6,1,12,2,1,"M17"
17,24,,,,"0.14",0,2,10,2,1,6,1,24,2,1,"M17"
18,0,10,,,".",1,1,10,2,1,6,1,0,2,1,"M18"
18,0,,,,"0",0,2,10,2,1,6,1,0,2,1,"M18"
18,0.5,,,,"11964.09",0,2,10,2,1,6,1,0.5,2,1,"M18"
18,1,,,,"3639.84",0,2,10,2,1,6,1,1,2,1,"M18"
18,2,,,,"201.2",0,2,10,2,1,6,1,2,2,1,"M18"
18,4,,,,"114.56",0,2,10,2,1,6,1,4,2,1,"M18"
18,8,,,,"56.16",0,2,10,2,1,6,1,8,2,1,"M18"
18,12,,,,"14.8",0,2,10,2,1,6,1,12,2,1,"M18"
18,24,,,,"1.24",0,2,10,2,1,6,1,24,2,1,"M18"
2001,0,50,27,24,".",1,1,50,2,1,1,1,0,2,2,"2001"
2001,0,,,,"0",0,2,50,2,1,1,1,0,2,2,"2001"
2001,0.5,,,,"8790",0,2,50,2,1,1,1,0.5,2,2,"2001"
2001,1,,,,"5920",0,2,50,2,1,1,1,1,2,2,"2001"
2001,2,,,,"2520",0,2,50,2,1,1,1,2,2,2,"2001"
2001,4,,,,"2100",0,2,50,2,1,1,1,4,2,2,"2001"
2001,8,,,,"286",0,2,50,2,1,1,1,8,2,2,"2001"
2001,24,,,,"16.5",0,2,50,2,1,1,1,24,2,2,"2001"
2001,648,,,,"181",0,2,50,2,1,1,28,0,2,2,"2001"
2001,648.5,,,,"15500",0,2,50,2,1,1,28,0.5,2,2,"2001"
2001,649,,,,"16900",0,2,50,2,1,1,28,1,2,2,"2001"
2001,650,,,,"7840",0,2,50,2,1,1,28,2,2,2,"2001"
2001,652,,,,"3150",0,2,50,2,1,1,28,4,2,2,"2001"
2001,656,,,,"3160",0,2,50,2,1,1,28,8,2,2,"2001"
2001,672,,,,"48",0,2,50,2,1,1,28,24,2,2,"2001"
2002,0,50,27,24,".",1,1,50,2,1,1,1,0,2,2,"2002"
2002,0,,,,"0",0,2,50,2,1,1,1,0,2,2,"2002"
2002,0.5,,,,"4680",0,2,50,2,1,1,1,0.5,2,2,"2002"
2002,1,,,,"3170",0,2,50,2,1,1,1,1,2,2,"2002"
2002,2,,,,"3420",0,2,50,2,1,1,1,2,2,2,"2002"
2002,4,,,,"4440",0,2,50,2,1,1,1,4,2,2,"2002"
2002,8,,,,"472",0,2,50,2,1,1,1,8,2,2,"2002"
2002,24,,,,".",1,2,50,2,1,1,1,24,2,2,"2002"
2002,648,,,,"28.1",0,2,50,2,1,1,28,0,2,2,"2002"
2002,648.5,,,,"16300",0,2,50,2,1,1,28,0.5,2,2,"2002"
2002,649,,,,"16600",0,2,50,2,1,1,28,1,2,2,"2002"
2002,650,,,,"9570",0,2,50,2,1,1,28,2,2,2,"2002"
2002,652,,,,"14200",0,2,50,2,1,1,28,4,2,2,"2002"
2002,656,,,,"9350",0,2,50,2,1,1,28,8,2,2,"2002"
2002,672,,,,"51.6",0,2,50,2,1,1,28,24,2,2,"2002"
2003,0,50,27,24,".",1,1,50,2,1,1,1,0,2,2,"2003"
2003,0,,,,"0",0,2,50,2,1,1,1,0,2,2,"2003"
2003,0.5,,,,"14200",0,2,50,2,1,1,1,0.5,2,2,"2003"
2003,1,,,,"19100",0,2,50,2,1,1,1,1,2,2,"2003"
2003,2,,,,"7880",0,2,50,2,1,1,1,2,2,2,"2003"
2003,4,,,,"4880",0,2,50,2,1,1,1,4,2,2,"2003"
2003,8,,,,"826",0,2,50,2,1,1,1,8,2,2,"2003"
2003,24,,,,".",1,2,50,2,1,1,1,24,2,2,"2003"
2003,648,,,,"29",0,2,50,2,1,1,28,0,2,2,"2003"
2003,648.5,,,,"22400",0,2,50,2,1,1,28,0.5,2,2,"2003"
2003,649,,,,"29700",0,2,50,2,1,1,28,1,2,2,"2003"
2003,650,,,,"17000",0,2,50,2,1,1,28,2,2,2,"2003"
2003,652,,,,"8660",0,2,50,2,1,1,28,4,2,2,"2003"
2003,656,,,,"2910",0,2,50,2,1,1,28,8,2,2,"2003"
2003,672,,,,"31",0,2,50,2,1,1,28,24,2,2,"2003"
2501,0,50,27,24,".",1,1,50,2,0,1,1,0,2,2,"2501"
2501,0,,,,"0",0,2,50,2,0,1,1,0,2,2,"2501"
2501,0.5,,,,"2070",0,2,50,2,0,1,1,0.5,2,2,"2501"
2501,1,,,,"3720",0,2,50,2,0,1,1,1,2,2,"2501"
2501,2,,,,"2530",0,2,50,2,0,1,1,2,2,2,"2501"
2501,4,,,,"1250",0,2,50,2,0,1,1,4,2,2,"2501"
2501,8,,,,"149",0,2,50,2,0,1,1,8,2,2,"2501"
2501,24,,,,".",1,2,50,2,0,1,1,24,2,2,"2501"
2501,648,,,,"0",0,2,50,2,0,1,28,0,2,2,"2501"
2501,648.5,,,,"8270",0,2,50,2,0,1,28,0.5,2,2,"2501"
2501,649,,,,"5310",0,2,50,2,0,1,28,1,2,2,"2501"
2501,650,,,,"4460",0,2,50,2,0,1,28,2,2,2,"2501"
2501,652,,,,"2120",0,2,50,2,0,1,28,4,2,2,"2501"
2501,656,,,,"559",0,2,50,2,0,1,28,8,2,2,"2501"
2501,672,,,,".",1,2,50,2,0,1,28,24,2,2,"2501"
2502,0,50,27,24,".",1,1,50,2,0,1,1,0,2,2,"2502"
2502,0,,,,"0",0,2,50,2,0,1,1,0,2,2,"2502"
2502,0.5,,,,"4670",0,2,50,2,0,1,1,0.5,2,2,"2502"
2502,1,,,,"10900",0,2,50,2,0,1,1,1,2,2,"2502"
2502,2,,,,"2630",0,2,50,2,0,1,1,2,2,2,"2502"
2502,4,,,,"1250",0,2,50,2,0,1,1,4,2,2,"2502"
2502,8,,,,"322",0,2,50,2,0,1,1,8,2,2,"2502"
2502,24,,,,".",1,2,50,2,0,1,1,24,2,2,"2502"
2502,648,,,,"20.2",0,2,50,2,0,1,28,0,2,2,"2502"
2502,648.5,,,,"13700",0,2,50,2,0,1,28,0.5,2,2,"2502"
2502,649,,,,"9650",0,2,50,2,0,1,28,1,2,2,"2502"
2502,650,,,,"3200",0,2,50,2,0,1,28,2,2,2,"2502"
2502,652,,,,"2340",0,2,50,2,0,1,28,4,2,2,"2502"
2502,656,,,,"515",0,2,50,2,0,1,28,8,2,2,"2502"
2502,672,,,,".",1,2,50,2,0,1,28,24,2,2,"2502"
2503,0,50,27,24,".",1,1,50,2,0,1,1,0,2,2,"2503"
2503,0,,,,"0",0,2,50,2,0,1,1,0,2,2,"2503"
2503,0.5,,,,"13500",0,2,50,2,0,1,1,0.5,2,2,"2503"
2503,1,,,,"15000",0,2,50,2,0,1,1,1,2,2,"2503"
2503,2,,,,"5890",0,2,50,2,0,1,1,2,2,2,"2503"
2503,4,,,,"2200",0,2,50,2,0,1,1,4,2,2,"2503"
2503,8,,,,"846",0,2,50,2,0,1,1,8,2,2,"2503"
2503,24,,,,"17.4",0,2,50,2,0,1,1,24,2,2,"2503"
2503,648,,,,"0",0,2,50,2,0,1,28,0,2,2,"2503"
2503,648.5,,,,"15000",0,2,50,2,0,1,28,0.5,2,2,"2503"
2503,649,,,,"10400",0,2,50,2,0,1,28,1,2,2,"2503"
2503,650,,,,"9920",0,2,50,2,0,1,28,2,2,2,"2503"
2503,652,,,,"3760",0,2,50,2,0,1,28,4,2,2,"2503"
2503,656,,,,"1460",0,2,50,2,0,1,28,8,2,2,"2503"
2503,672,,,,"20.8",0,2,50,2,0,1,28,24,2,2,"2503"
3001,0,100,27,24,".",1,1,100,2,1,2,1,0,2,2,"3001"
3001,0,,,,"0",0,2,100,2,1,2,1,0,2,2,"3001"
3001,0.5,,,,"9280",0,2,100,2,1,2,1,0.5,2,2,"3001"
3001,1,,,,"9280",0,2,100,2,1,2,1,1,2,2,"3001"
3001,2,,,,"4630",0,2,100,2,1,2,1,2,2,2,"3001"
3001,4,,,,"2940",0,2,100,2,1,2,1,4,2,2,"3001"
3001,8,,,,"358",0,2,100,2,1,2,1,8,2,2,"3001"
3001,24,,,,".",1,2,100,2,1,2,1,24,2,2,"3001"
3001,648,,,,"16",0,2,100,2,1,2,28,0,2,2,"3001"
3001,648.5,,,,"7000",0,2,100,2,1,2,28,0.5,2,2,"3001"
3001,649,,,,"2750",0,2,100,2,1,2,28,1,2,2,"3001"
3001,650,,,,"1940",0,2,100,2,1,2,28,2,2,2,"3001"
3001,652,,,,"1150",0,2,100,2,1,2,28,4,2,2,"3001"
3001,656,,,,"221",0,2,100,2,1,2,28,8,2,2,"3001"
3001,672,,,,"19.3",0,2,100,2,1,2,28,24,2,2,"3001"
3002,0,100,27,24,".",1,1,100,2,1,2,1,0,2,2,"3002"
3002,0,,,,"0",0,2,100,2,1,2,1,0,2,2,"3002"
3002,0.5,,,,"12100",0,2,100,2,1,2,1,0.5,2,2,"3002"
3002,1,,,,"13500",0,2,100,2,1,2,1,1,2,2,"3002"
3002,2,,,,"5970",0,2,100,2,1,2,1,2,2,2,"3002"
3002,4,,,,"5030",0,2,100,2,1,2,1,4,2,2,"3002"
3002,8,,,,"941",0,2,100,2,1,2,1,8,2,2,"3002"
3002,24,,,,".",1,2,100,2,1,2,1,24,2,2,"3002"
3002,648,,,,"15.6",0,2,100,2,1,2,28,0,2,2,"3002"
3002,648.5,,,,"11200",0,2,100,2,1,2,28,0.5,2,2,"3002"
3002,649,,,,"19600",0,2,100,2,1,2,28,1,2,2,"3002"
3002,650,,,,"8520",0,2,100,2,1,2,28,2,2,2,"3002"
3002,652,,,,"5990",0,2,100,2,1,2,28,4,2,2,"3002"
3002,656,,,,"1240",0,2,100,2,1,2,28,8,2,2,"3002"
3002,672,,,,"15.8",0,2,100,2,1,2,28,24,2,2,"3002"
3003,0,100,27,24,".",1,1,100,2,1,2,1,0,2,2,"3003"
3003,0,,,,"0",0,2,100,2,1,2,1,0,2,2,"3003"
3003,0.5,,,,"2430",0,2,100,2,1,2,1,0.5,2,2,"3003"
3003,1,,,,"970",0,2,100,2,1,2,1,1,2,2,"3003"
3003,2,,,,"255",0,2,100,2,1,2,1,2,2,2,"3003"
3003,4,,,,"112",0,2,100,2,1,2,1,4,2,2,"3003"
3003,8,,,,"379",0,2,100,2,1,2,1,8,2,2,"3003"
3003,24,,,,"67.8",0,2,100,2,1,2,1,24,2,2,"3003"
3003,648,,,,"30",0,2,100,2,1,2,28,0,2,2,"3003"
3003,648.5,,,,"12300",0,2,100,2,1,2,28,0.5,2,2,"3003"
3003,649,,,,"14600",0,2,100,2,1,2,28,1,2,2,"3003"
3003,650,,,,"8490",0,2,100,2,1,2,28,2,2,2,"3003"
3003,652,,,,"2630",0,2,100,2,1,2,28,4,2,2,"3003"
3003,656,,,,"538",0,2,100,2,1,2,28,8,2,2,"3003"
3003,672,,,,"42.3",0,2,100,2,1,2,28,24,2,2,"3003"
3004,0,100,27,24,".",1,1,100,2,1,2,1,0,2,2,"3004"
3004,0,,,,"0",0,2,100,2,1,2,1,0,2,2,"3004"
3004,0.5,,,,"21500",0,2,100,2,1,2,1,0.5,2,2,"3004"
3004,1,,,,"23500",0,2,100,2,1,2,1,1,2,2,"3004"
3004,2,,,,"11000",0,2,100,2,1,2,1,2,2,2,"3004"
3004,4,,,,"5550",0,2,100,2,1,2,1,4,2,2,"3004"
3004,8,,,,"4280",0,2,100,2,1,2,1,8,2,2,"3004"
3004,24,,,,"39.4",0,2,100,2,1,2,1,24,2,2,"3004"
3004,648,,,,"35",0,2,100,2,1,2,28,0,2,2,"3004"
3004,648.5,,,,"9080",0,2,100,2,1,2,28,0.5,2,2,"3004"
3004,649,,,,"9840",0,2,100,2,1,2,28,1,2,2,"3004"
3004,650,,,,"3730",0,2,100,2,1,2,28,2,2,2,"3004"
3004,652,,,,"1040",0,2,100,2,1,2,28,4,2,2,"3004"
3004,656,,,,"2630",0,2,100,2,1,2,28,8,2,2,"3004"
3004,672,,,,".",1,2,100,2,1,2,28,24,2,2,"3004"
3005,0,100,27,24,".",1,1,100,2,1,2,1,0,2,2,"3005"
3005,0,,,,"0",0,2,100,2,1,2,1,0,2,2,"3005"
3005,0.5,,,,"11800",0,2,100,2,1,2,1,0.5,2,2,"3005"
3005,1,,,,"16400",0,2,100,2,1,2,1,1,2,2,"3005"
3005,2,,,,"15800",0,2,100,2,1,2,1,2,2,2,"3005"
3005,4,,,,"24300",0,2,100,2,1,2,1,4,2,2,"3005"
3005,8,,,,"7500",0,2,100,2,1,2,1,8,2,2,"3005"
3005,24,,,,"464",0,2,100,2,1,2,1,24,2,2,"3005"
3005,648,,,,"40",0,2,100,2,1,2,28,0,2,2,"3005"
3005,648.5,,,,"12200",0,2,100,2,1,2,28,0.5,2,2,"3005"
3005,649,,,,"21000",0,2,100,2,1,2,28,1,2,2,"3005"
3005,650,,,,"15200",0,2,100,2,1,2,28,2,2,2,"3005"
3005,652,,,,"43900",0,2,100,2,1,2,28,4,2,2,"3005"
3005,656,,,,"35200",0,2,100,2,1,2,28,8,2,2,"3005"
3005,672,,,,"1540",0,2,100,2,1,2,28,24,2,2,"3005"
3501,0,100,27,24,".",1,1,100,2,0,2,1,0,2,2,"3501"
3501,0,,,,"0",0,2,100,2,0,2,1,0,2,2,"3501"
3501,0.5,,,,"8960",0,2,100,2,0,2,1,0.5,2,2,"3501"
3501,1,,,,"7480",0,2,100,2,0,2,1,1,2,2,"3501"
3501,2,,,,"2760",0,2,100,2,0,2,1,2,2,2,"3501"
3501,4,,,,"1200",0,2,100,2,0,2,1,4,2,2,"3501"
3501,8,,,,"1420",0,2,100,2,0,2,1,8,2,2,"3501"
3501,24,,,,"69.6",0,2,100,2,0,2,1,24,2,2,"3501"
3501,648,,,,"11.9",0,2,100,2,0,2,28,0,2,2,"3501"
3501,648.5,,,,"10600",0,2,100,2,0,2,28,0.5,2,2,"3501"
3501,649,,,,"8090",0,2,100,2,0,2,28,1,2,2,"3501"
3501,650,,,,"9300",0,2,100,2,0,2,28,2,2,2,"3501"
3501,652,,,,"5160",0,2,100,2,0,2,28,4,2,2,"3501"
3501,656,,,,"900",0,2,100,2,0,2,28,8,2,2,"3501"
3501,672,,,,"60.5",0,2,100,2,0,2,28,24,2,2,"3501"
3502,0,100,27,24,".",1,1,100,2,0,2,1,0,2,2,"3502"
3502,0,,,,"0",0,2,100,2,0,2,1,0,2,2,"3502"
3502,0.5,,,,"11000",0,2,100,2,0,2,1,0.5,2,2,"3502"
3502,1,,,,"9920",0,2,100,2,0,2,1,1,2,2,"3502"
3502,2,,,,"2520",0,2,100,2,0,2,1,2,2,2,"3502"
3502,4,,,,"1070",0,2,100,2,0,2,1,4,2,2,"3502"
3502,8,,,,"491",0,2,100,2,0,2,1,8,2,2,"3502"
3502,24,,,,"10.6",0,2,100,2,0,2,1,24,2,2,"3502"
3502,648,,,,"25.9",0,2,100,2,0,2,28,0,2,2,"3502"
3502,648.5,,,,"5820",0,2,100,2,0,2,28,0.5,2,2,"3502"
3502,649,,,,"4560",0,2,100,2,0,2,28,1,2,2,"3502"
3502,650,,,,"4050",0,2,100,2,0,2,28,2,2,2,"3502"
3502,652,,,,"1140",0,2,100,2,0,2,28,4,2,2,"3502"
3502,656,,,,"679",0,2,100,2,0,2,28,8,2,2,"3502"
3502,672,,,,"22.3",0,2,100,2,0,2,28,24,2,2,"3502"
3503,0,100,27,24,".",1,1,100,2,0,2,1,0,2,2,"3503"
3503,0,,,,"0",0,2,100,2,0,2,1,0,2,2,"3503"
3503,0.5,,,,"5250",0,2,100,2,0,2,1,0.5,2,2,"3503"
3503,1,,,,"4730",0,2,100,2,0,2,1,1,2,2,"3503"
3503,2,,,,"3610",0,2,100,2,0,2,1,2,2,2,"3503"
3503,4,,,,"2350",0,2,100,2,0,2,1,4,2,2,"3503"
3503,8,,,,"230",0,2,100,2,0,2,1,8,2,2,"3503"
3503,24,,,,".",1,2,100,2,0,2,1,24,2,2,"3503"
3503,648,,,,"11.4",0,2,100,2,0,2,28,0,2,2,"3503"
3503,648.5,,,,"7980",0,2,100,2,0,2,28,0.5,2,2,"3503"
3503,649,,,,"8990",0,2,100,2,0,2,28,1,2,2,"3503"
3503,650,,,,"5230",0,2,100,2,0,2,28,2,2,2,"3503"
3503,652,,,,"2530",0,2,100,2,0,2,28,4,2,2,"3503"
3503,656,,,,"177",0,2,100,2,0,2,28,8,2,2,"3503"
3503,672,,,,"369",0,2,100,2,0,2,28,24,2,2,"3503"
3504,0,100,27,24,".",1,1,100,2,0,2,1,0,2,2,"3504"
3504,0,,,,"0",0,2,100,2,0,2,1,0,2,2,"3504"
3504,0.5,,,,"19200",0,2,100,2,0,2,1,0.5,2,2,"3504"
3504,1,,,,"22100",0,2,100,2,0,2,1,1,2,2,"3504"
3504,2,,,,"14000",0,2,100,2,0,2,1,2,2,2,"3504"
3504,4,,,,"5580",0,2,100,2,0,2,1,4,2,2,"3504"
3504,8,,,,"265",0,2,100,2,0,2,1,8,2,2,"3504"
3504,24,,,,"22",0,2,100,2,0,2,1,24,2,2,"3504"
3504,648,,,,"36.8",0,2,100,2,0,2,28,0,2,2,"3504"
3504,648.5,,,,"26100",0,2,100,2,0,2,28,0.5,2,2,"3504"
3504,649,,,,"37700",0,2,100,2,0,2,28,1,2,2,"3504"
3504,650,,,,"23900",0,2,100,2,0,2,28,2,2,2,"3504"
3504,652,,,,"8530",0,2,100,2,0,2,28,4,2,2,"3504"
3504,656,,,,"1310",0,2,100,2,0,2,28,8,2,2,"3504"
3504,672,,,,"886",0,2,100,2,0,2,28,24,2,2,"3504"
3505,0,100,27,24,".",1,1,100,2,0,2,1,0,2,2,"3505"
3505,0,,,,"0",0,2,100,2,0,2,1,0,2,2,"3505"
3505,0.5,,,,"9530",0,2,100,2,0,2,1,0.5,2,2,"3505"
3505,1,,,,"21400",0,2,100,2,0,2,1,1,2,2,"3505"
3505,2,,,,"16900",0,2,100,2,0,2,1,2,2,2,"3505"
3505,4,,,,"6510",0,2,100,2,0,2,1,4,2,2,"3505"
3505,8,,,,"3140",0,2,100,2,0,2,1,8,2,2,"3505"
3505,24,,,,"565",0,2,100,2,0,2,1,24,2,2,"3505"
3505,648,,,,"10",0,2,100,2,0,2,28,0,2,2,"3505"
3505,648.5,,,,"24500",0,2,100,2,0,2,28,0.5,2,2,"3505"
3505,649,,,,"30600",0,2,100,2,0,2,28,1,2,2,"3505"
3505,650,,,,"18300",0,2,100,2,0,2,28,2,2,2,"3505"
3505,652,,,,"10400",0,2,100,2,0,2,28,4,2,2,"3505"
3505,656,,,,"9270",0,2,100,2,0,2,28,8,2,2,"3505"
3505,672,,,,"1680",0,2,100,2,0,2,28,24,2,2,"3505"
4001,0,200,27,24,".",1,1,200,2,1,3,1,0,2,2,"4001"
4001,0,,,,"0",0,2,200,2,1,3,1,0,2,2,"4001"
4001,0.5,,,,"9520",0,2,200,2,1,3,1,0.5,2,2,"4001"
4001,1,,,,"14600",0,2,200,2,1,3,1,1,2,2,"4001"
4001,2,,,,"15300",0,2,200,2,1,3,1,2,2,2,"4001"
4001,4,,,,"8590",0,2,200,2,1,3,1,4,2,2,"4001"
4001,8,,,,"2210",0,2,200,2,1,3,1,8,2,2,"4001"
4001,24,,,,"39.1",0,2,200,2,1,3,1,24,2,2,"4001"
4001,648,,,,"18.7",0,2,200,2,1,3,28,0,2,2,"4001"
4001,648.5,,,,"15400",0,2,200,2,1,3,28,0.5,2,2,"4001"
4001,649,,,,"18000",0,2,200,2,1,3,28,1,2,2,"4001"
4001,650,,,,"20700",0,2,200,2,1,3,28,2,2,2,"4001"
4001,652,,,,"18600",0,2,200,2,1,3,28,4,2,2,"4001"
4001,656,,,,"12600",0,2,200,2,1,3,28,8,2,2,"4001"
4001,672,,,,"63.3",0,2,200,2,1,3,28,24,2,2,"4001"
4002,0,200,27,24,".",1,1,200,2,1,3,1,0,2,2,"4002"
4002,0,,,,"0",0,2,200,2,1,3,1,0,2,2,"4002"
4002,0.5,,,,"4660",0,2,200,2,1,3,1,0.5,2,2,"4002"
4002,1,,,,"1840",0,2,200,2,1,3,1,1,2,2,"4002"
4002,2,,,,"938",0,2,200,2,1,3,1,2,2,2,"4002"
4002,4,,,,"465",0,2,200,2,1,3,1,4,2,2,"4002"
4002,8,,,,"19.8",0,2,200,2,1,3,1,8,2,2,"4002"
4002,24,,,,".",1,2,200,2,1,3,1,24,2,2,"4002"
4002,648,,,,"11.3",0,2,200,2,1,3,28,0,2,2,"4002"
4002,648.5,,,,"2310",0,2,200,2,1,3,28,0.5,2,2,"4002"
4002,649,,,,"2110",0,2,200,2,1,3,28,1,2,2,"4002"
4002,650,,,,"2310",0,2,200,2,1,3,28,2,2,2,"4002"
4002,652,,,,"3310",0,2,200,2,1,3,28,4,2,2,"4002"
4002,656,,,,"1430",0,2,200,2,1,3,28,8,2,2,"4002"
4002,672,,,,"94.9",0,2,200,2,1,3,28,24,2,2,"4002"
4003,0,200,27,24,".",1,1,200,2,1,3,1,0,2,2,"4003"
4003,0,,,,"0",0,2,200,2,1,3,1,0,2,2,"4003"
4003,0.5,,,,"12900",0,2,200,2,1,3,1,0.5,2,2,"4003"
4003,1,,,,"17600",0,2,200,2,1,3,1,1,2,2,"4003"
4003,2,,,,"12800",0,2,200,2,1,3,1,2,2,2,"4003"
4003,4,,,,"4000",0,2,200,2,1,3,1,4,2,2,"4003"
4003,8,,,,"4380",0,2,200,2,1,3,1,8,2,2,"4003"
4003,24,,,,"30.6",0,2,200,2,1,3,1,24,2,2,"4003"
4003,648,,,,"200",0,2,200,2,1,3,28,0,2,2,"4003"
4003,648.5,,,,"16600",0,2,200,2,1,3,28,0.5,2,2,"4003"
4003,649,,,,"11700",0,2,200,2,1,3,28,1,2,2,"4003"
4003,650,,,,"9940",0,2,200,2,1,3,28,2,2,2,"4003"
4003,652,,,,"5230",0,2,200,2,1,3,28,4,2,2,"4003"
4003,656,,,,"518",0,2,200,2,1,3,28,8,2,2,"4003"
4003,672,,,,"71.1",0,2,200,2,1,3,28,24,2,2,"4003"
4004,0,200,27,24,".",1,1,200,2,1,3,1,0,2,2,"4004"
4004,0,,,,"0",0,2,200,2,1,3,1,0,2,2,"4004"
4004,0.5,,,,"2360",0,2,200,2,1,3,1,0.5,2,2,"4004"
4004,1,,,,"1420",0,2,200,2,1,3,1,1,2,2,"4004"
4004,2,,,,"425",0,2,200,2,1,3,1,2,2,2,"4004"
4004,4,,,,"444",0,2,200,2,1,3,1,4,2,2,"4004"
4004,8,,,,"4590",0,2,200,2,1,3,1,8,2,2,"4004"
4004,24,,,,"51.2",0,2,200,2,1,3,1,24,2,2,"4004"
4004,648,,,,"20.9",0,2,200,2,1,3,28,0,2,2,"4004"
4004,648.5,,,,"4310",0,2,200,2,1,3,28,0.5,2,2,"4004"
4004,649,,,,"4050",0,2,200,2,1,3,28,1,2,2,"4004"
4004,650,,,,"4310",0,2,200,2,1,3,28,2,2,2,"4004"
4004,652,,,,"9970",0,2,200,2,1,3,28,4,2,2,"4004"
4004,656,,,,"4300",0,2,200,2,1,3,28,8,2,2,"4004"
4004,672,,,,"178",0,2,200,2,1,3,28,24,2,2,"4004"
4005,0,200,27,24,".",1,1,200,2,1,3,1,0,2,2,"4005"
4005,0,,,,"0",0,2,200,2,1,3,1,0,2,2,"4005"
4005,0.5,,,,"4440",0,2,200,2,1,3,1,0.5,2,2,"4005"
4005,1,,,,"4640",0,2,200,2,1,3,1,1,2,2,"4005"
4005,2,,,,"2710",0,2,200,2,1,3,1,2,2,2,"4005"
4005,4,,,,"4520",0,2,200,2,1,3,1,4,2,2,"4005"
4005,8,,,,"11500",0,2,200,2,1,3,1,8,2,2,"4005"
4005,24,,,,"552",0,2,200,2,1,3,1,24,2,2,"4005"
4005,648,,,,"213",0,2,200,2,1,3,28,0,2,2,"4005"
4005,648.5,,,,"11900",0,2,200,2,1,3,28,0.5,2,2,"4005"
4005,649,,,,"8990",0,2,200,2,1,3,28,1,2,2,"4005"
4005,650,,,,"6370",0,2,200,2,1,3,28,2,2,2,"4005"
4005,652,,,,"3680",0,2,200,2,1,3,28,4,2,2,"4005"
4005,656,,,,"1250",0,2,200,2,1,3,28,8,2,2,"4005"
4005,672,,,,"814",0,2,200,2,1,3,28,24,2,2,"4005"
4501,0,200,27,24,".",1,1,200,2,0,3,1,0,2,2,"4501"
4501,0,,,,"0",0,2,200,2,0,3,1,0,2,2,"4501"
4501,0.5,,,,"6640",0,2,200,2,0,3,1,0.5,2,2,"4501"
4501,1,,,,"9280",0,2,200,2,0,3,1,1,2,2,"4501"
4501,2,,,,"8540",0,2,200,2,0,3,1,2,2,2,"4501"
4501,4,,,,"8120",0,2,200,2,0,3,1,4,2,2,"4501"
4501,8,,,,"6890",0,2,200,2,0,3,1,8,2,2,"4501"
4501,24,,,,"538",0,2,200,2,0,3,1,24,2,2,"4501"
4501,648,,,,"606",0,2,200,2,0,3,28,0,2,2,"4501"
4501,648.5,,,,"12100",0,2,200,2,0,3,28,0.5,2,2,"4501"
4501,649,,,,"7720",0,2,200,2,0,3,28,1,2,2,"4501"
4501,650,,,,"18900",0,2,200,2,0,3,28,2,2,2,"4501"
4501,652,,,,"8850",0,2,200,2,0,3,28,4,2,2,"4501"
4501,656,,,,"4090",0,2,200,2,0,3,28,8,2,2,"4501"
4501,672,,,,"4080",0,2,200,2,0,3,28,24,2,2,"4501"
4502,0,200,27,24,".",1,1,200,2,0,3,1,0,2,2,"4502"
4502,0,,,,"0",0,2,200,2,0,3,1,0,2,2,"4502"
4502,0.5,,,,"4820",0,2,200,2,0,3,1,0.5,2,2,"4502"
4502,1,,,,"2020",0,2,200,2,0,3,1,1,2,2,"4502"
4502,2,,,,"1790",0,2,200,2,0,3,1,2,2,2,"4502"
4502,4,,,,"2720",0,2,200,2,0,3,1,4,2,2,"4502"
4502,8,,,,"619",0,2,200,2,0,3,1,8,2,2,"4502"
4502,24,,,,"36.7",0,2,200,2,0,3,1,24,2,2,"4502"
4502,648,,,,"61.3",0,2,200,2,0,3,28,0,2,2,"4502"
4502,648.5,,,,"26500",0,2,200,2,0,3,28,0.5,2,2,"4502"
4502,649,,,,"39900",0,2,200,2,0,3,28,1,2,2,"4502"
4502,650,,,,"28200",0,2,200,2,0,3,28,2,2,2,"4502"
4502,652,,,,"20200",0,2,200,2,0,3,28,4,2,2,"4502"
4502,656,,,,"16800",0,2,200,2,0,3,28,8,2,2,"4502"
4502,672,,,,"306",0,2,200,2,0,3,28,24,2,2,"4502"
4503,0,200,27,24,".",1,1,200,2,0,3,1,0,2,2,"4503"
4503,0,,,,"0",0,2,200,2,0,3,1,0,2,2,"4503"
4503,0.5,,,,"7200",0,2,200,2,0,3,1,0.5,2,2,"4503"
4503,1,,,,"8040",0,2,200,2,0,3,1,1,2,2,"4503"
4503,2,,,,"6030",0,2,200,2,0,3,1,2,2,2,"4503"
4503,4,,,,"6090",0,2,200,2,0,3,1,4,2,2,"4503"
4503,8,,,,"1850",0,2,200,2,0,3,1,8,2,2,"4503"
4503,24,,,,"234",0,2,200,2,0,3,1,24,2,2,"4503"
4503,648,,,,"193",0,2,200,2,0,3,28,0,2,2,"4503"
4503,648.5,,,,"12400",0,2,200,2,0,3,28,0.5,2,2,"4503"
4503,649,,,,"12800",0,2,200,2,0,3,28,1,2,2,"4503"
4503,650,,,,"9800",0,2,200,2,0,3,28,2,2,2,"4503"
4503,652,,,,"26700",0,2,200,2,0,3,28,4,2,2,"4503"
4503,656,,,,"2890",0,2,200,2,0,3,28,8,2,2,"4503"
4503,672,,,,"3110",0,2,200,2,0,3,28,24,2,2,"4503"
4504,0,200,27,24,".",1,1,200,2,0,3,1,0,2,2,"4504"
4504,0,,,,"0",0,2,200,2,0,3,1,0,2,2,"4504"
4504,0.5,,,,"31700",0,2,200,2,0,3,1,0.5,2,2,"4504"
4504,1,,,,"40600",0,2,200,2,0,3,1,1,2,2,"4504"
4504,2,,,,"21900",0,2,200,2,0,3,1,2,2,2,"4504"
4504,4,,,,"8960",0,2,200,2,0,3,1,4,2,2,"4504"
4504,8,,,,"4520",0,2,200,2,0,3,1,8,2,2,"4504"
4504,24,,,,"830",0,2,200,2,0,3,1,24,2,2,"4504"
4504,648,,,,"892",0,2,200,2,0,3,28,0,2,2,"4504"
4504,648.5,,,,"24000",0,2,200,2,0,3,28,0.5,2,2,"4504"
4504,649,,,,"29800",0,2,200,2,0,3,28,1,2,2,"4504"
4504,650,,,,"14100",0,2,200,2,0,3,28,2,2,2,"4504"
4504,652,,,,"9270",0,2,200,2,0,3,28,4,2,2,"4504"
4504,656,,,,"13200",0,2,200,2,0,3,28,8,2,2,"4504"
4504,672,,,,"2930",0,2,200,2,0,3,28,24,2,2,"4504"
4505,0,200,27,24,".",1,1,200,2,0,3,1,0,2,2,"4505"
4505,0,,,,"0",0,2,200,2,0,3,1,0,2,2,"4505"
4505,0.5,,,,"9580",0,2,200,2,0,3,1,0.5,2,2,"4505"
4505,1,,,,"12300",0,2,200,2,0,3,1,1,2,2,"4505"
4505,2,,,,"6240",0,2,200,2,0,3,1,2,2,2,"4505"
4505,4,,,,"5690",0,2,200,2,0,3,1,4,2,2,"4505"
4505,8,,,,"4040",0,2,200,2,0,3,1,8,2,2,"4505"
4505,24,,,,"20.6",0,2,200,2,0,3,1,24,2,2,"4505"
4505,648,,,,"125",0,2,200,2,0,3,28,0,2,2,"4505"
4505,648.5,,,,"18800",0,2,200,2,0,3,28,0.5,2,2,"4505"
4505,649,,,,"21500",0,2,200,2,0,3,28,1,2,2,"4505"
4505,650,,,,"15900",0,2,200,2,0,3,28,2,2,2,"4505"
4505,652,,,,"9960",0,2,200,2,0,3,28,4,2,2,"4505"
4505,656,,,,"5190",0,2,200,2,0,3,28,8,2,2,"4505"
4505,672,,,,"21.2",0,2,200,2,0,3,28,24,2,2,"4505"

